pooja.qa,srk123,b57839e7-88f0-4932-b2fc-b58d50d890f8
pooja.qa,srk123,1c7f256f-dca5-4410-a740-5bad08b148bd
shivam.qa ,srk123,cae7ea11-9655-4ccd-80c3-4347be36beec
pooja.qa,srk123,80617c9e-e7ec-479e-ac60-eb343bb7fba4
shivam.qa ,srk123,4edb10ef-a0da-46ef-9e04-d0af5ec15199
shivam.qa ,srk123,a5aef6d9-1547-4956-a8e5-0714f2cc9169
pooja.qa,srk123,3981d763-a19e-40e3-80e6-000f0d95fd57
jyoti.qa �,srk123,null
pradnya.user,srk123,null
heena.qa,srk1234,2a8602d1-3797-4660-9b9f-5f993263dbab
pooja.qa,srk123,12580623-3c31-4b94-aba5-300f60a07aa7
shivam.qa ,srk123,db6d3c6a-5809-4939-8b7e-ff6e1ed7bc23
pooja.qa,srk123,2435e108-f239-4db3-8915-3b8735c2d7ed
vivek.user,srk123,bb70a141-804c-48c6-9e2e-e5268b408b5f
sashi.user,srk123,b39e0b33-0c99-40f9-b1df-2016b0f99eef
